,date,state,death,deathConfirmed,deathIncrease,hospitalized,hospitalizedCurrently,positive,positiveIncrease,recovered,totalTestResults,totalTestResultsIncrease
24,3/7/21,MI,16658.0,15666.0,0,,866.0,656072.0,0,549881.0,10621967.0,0
80,3/6/21,MI,16658.0,15666.0,57,,866.0,656072.0,1692,549881.0,10621967.0,37232
136,3/5/21,MI,16601.0,15610.0,12,,866.0,654380.0,1791,541258.0,10584735.0,46112
192,3/4/21,MI,16589.0,15600.0,39,,890.0,652589.0,1827,541258.0,10538623.0,46486
248,3/3/21,MI,16550.0,15563.0,6,,882.0,650762.0,1705,541258.0,10492137.0,36453
304,3/2/21,MI,16544.0,15558.0,25,,959.0,649057.0,1642,541258.0,10455684.0,19406
360,3/1/21,MI,16519.0,15534.0,11,,893.0,647415.0,1865,541258.0,10436278.0,48387
416,2/28/21,MI,16508.0,15522.0,0,,841.0,645550.0,0,541258.0,10387891.0,0
472,2/27/21,MI,16508.0,15522.0,70,,841.0,645550.0,1425,541258.0,10387891.0,36981
528,2/26/21,MI,16438.0,15454.0,2,,841.0,644125.0,1257,529080.0,10350910.0,41966
584,2/25/21,MI,16436.0,15453.0,47,,821.0,642868.0,1598,529080.0,10308944.0,50160
640,2/24/21,MI,16389.0,15405.0,9,,855.0,641270.0,1558,529080.0,10258784.0,41891
696,2/23/21,MI,16380.0,15396.0,37,,891.0,639712.0,1784,529080.0,10216893.0,25490
752,2/22/21,MI,16343.0,15362.0,1,,841.0,637928.0,1659,529080.0,10191403.0,46336
808,2/21/21,MI,16342.0,15359.0,0,,860.0,636269.0,0,529080.0,10145067.0,0
864,2/20/21,MI,16342.0,15359.0,68,,860.0,636269.0,823,529080.0,10145067.0,39029
920,2/19/21,MI,16274.0,15296.0,23,,860.0,635446.0,1473,517991.0,10106038.0,38083
976,2/18/21,MI,16251.0,15273.0,91,,877.0,633973.0,1201,517991.0,10067955.0,32529
1032,2/17/21,MI,16160.0,15188.0,11,,929.0,632772.0,1240,517991.0,10035426.0,28292
1088,2/16/21,MI,16149.0,15177.0,19,,939.0,631532.0,1124,517991.0,10007134.0,17169
1144,2/15/21,MI,16130.0,15158.0,11,,957.0,630408.0,1452,517991.0,9989965.0,51616
1200,2/14/21,MI,16119.0,15150.0,0,,1024.0,628956.0,0,517991.0,9938349.0,0
1256,2/13/21,MI,16119.0,15150.0,92,,1024.0,628956.0,944,517991.0,9938349.0,34182
1312,2/12/21,MI,16027.0,15062.0,8,,1024.0,628012.0,1535,498495.0,9904167.0,41708
1368,2/11/21,MI,16019.0,15052.0,80,,1061.0,626477.0,1507,498495.0,9862459.0,48676
1424,2/10/21,MI,15939.0,14977.0,14,,1175.0,624970.0,1239,498495.0,9813783.0,34376
1480,2/9/21,MI,15925.0,14965.0,62,,1175.0,623731.0,918,498495.0,9779407.0,18303
1536,2/8/21,MI,15863.0,14905.0,9,,1211.0,622813.0,2128,498495.0,9761104.0,52588
1592,2/7/21,MI,15854.0,14894.0,0,,1296.0,620685.0,0,498495.0,9708516.0,0
1648,2/6/21,MI,15854.0,14894.0,104,,1296.0,620685.0,1186,498495.0,9708516.0,37025
1704,2/5/21,MI,15750.0,14798.0,25,,1296.0,619499.0,1754,481801.0,9671491.0,47633
1760,2/4/21,MI,15725.0,14778.0,81,,1376.0,617745.0,1885,481801.0,9623858.0,50126
1816,2/3/21,MI,15644.0,14704.0,35,,1376.0,615860.0,1717,481801.0,9573732.0,40276
1872,2/2/21,MI,15609.0,14672.0,73,,1404.0,614143.0,1433,481801.0,9533456.0,18400
1928,2/1/21,MI,15536.0,14609.0,11,,1409.0,612710.0,2572,481801.0,9515056.0,49911
1984,1/31/21,MI,15525.0,14601.0,0,,1479.0,610138.0,0,481801.0,9465145.0,0
2040,1/30/21,MI,15525.0,14601.0,115,,1479.0,610138.0,1511,481801.0,9465145.0,43036
2096,1/29/21,MI,15410.0,14497.0,8,,1479.0,608627.0,2139,463106.0,9422109.0,52513
2152,1/28/21,MI,15402.0,14491.0,88,,1536.0,606488.0,2255,463106.0,9369596.0,51507
2208,1/27/21,MI,15314.0,14411.0,9,,1594.0,604233.0,2065,463106.0,9318089.0,48890
2264,1/26/21,MI,15305.0,14405.0,86,,1638.0,602168.0,2075,463106.0,9269199.0,26808
2320,1/25/21,MI,15219.0,14326.0,38,,1668.0,600093.0,3347,463106.0,9242391.0,60168
2376,1/24/21,MI,15181.0,14291.0,0,,1843.0,596746.0,0,463106.0,9182223.0,0
2432,1/23/21,MI,15181.0,14291.0,230,,1843.0,596746.0,1826,463106.0,9182223.0,53925
2488,1/22/21,MI,14951.0,14070.0,18,,1843.0,594920.0,2538,442408.0,9128298.0,44578
2544,1/21/21,MI,14933.0,14053.0,163,,1907.0,592382.0,2513,442408.0,9083720.0,55655
2600,1/20/21,MI,14770.0,13905.0,35,,2077.0,589869.0,2421,442408.0,9028065.0,40284
2656,1/19/21,MI,14735.0,13865.0,49,,2055.0,587448.0,2320,442408.0,8987781.0,19436
2712,1/18/21,MI,14686.0,13824.0,17,,2140.0,585128.0,3343,442408.0,8968345.0,65957
2768,1/17/21,MI,14669.0,13804.0,0,,2222.0,581785.0,0,442408.0,8902388.0,0
2824,1/16/21,MI,14669.0,13804.0,119,,2222.0,581785.0,2211,442408.0,8902388.0,51259
2880,1/15/21,MI,14550.0,13701.0,39,,2222.0,579574.0,3001,415079.0,8851129.0,42191
2936,1/14/21,MI,14511.0,13672.0,175,,2238.0,576573.0,3295,415079.0,8808938.0,48921
2992,1/13/21,MI,14336.0,13533.0,40,,2246.0,573278.0,3128,415079.0,8760017.0,41461
3048,1/12/21,MI,14296.0,13501.0,104,,2443.0,570150.0,2468,415079.0,8718556.0,35336
3104,1/11/21,MI,14192.0,13401.0,47,,2396.0,567682.0,5129,415079.0,8683220.0,74472
3160,1/10/21,MI,14145.0,13355.0,0,,2480.0,562553.0,0,415079.0,8608748.0,0
3216,1/9/21,MI,14145.0,13355.0,232,,2480.0,562553.0,2898,415079.0,8608748.0,53347
3272,1/8/21,MI,13913.0,13132.0,40,,2480.0,559655.0,3908,363611.0,8555401.0,54079
3328,1/7/21,MI,13873.0,13094.0,206,,2578.0,555747.0,4249,363611.0,8501322.0,45058
3384,1/6/21,MI,13667.0,12918.0,59,,2657.0,551498.0,4856,363611.0,8456264.0,45351
3440,1/5/21,MI,13608.0,12867.0,217,,2758.0,546642.0,3031,363611.0,8410913.0,24546
3496,1/4/21,MI,13391.0,12678.0,85,,2698.0,543611.0,5490,363611.0,8386367.0,183614
3552,1/3/21,MI,13306.0,12598.0,0,,2758.0,538121.0,0,363611.0,8202753.0,0
3608,1/2/21,MI,13306.0,12598.0,288,,2758.0,538121.0,9500,363611.0,8202753.0,0
3664,1/1/21,MI,13018.0,12333.0,0,,2758.0,528621.0,0,318389.0,8202753.0,0
3720,12/31/20,MI,13018.0,12333.0,0,,2758.0,528621.0,0,318389.0,8202753.0,0
3776,12/30/20,MI,13018.0,12333.0,52,,2758.0,528621.0,4782,318389.0,8202753.0,48416
3832,12/29/20,MI,12966.0,12282.0,212,,2906.0,523839.0,3963,318389.0,8154337.0,21648
3888,12/28/20,MI,12754.0,12089.0,64,,2811.0,519876.0,3550,318389.0,8132689.0,62944
3944,12/27/20,MI,12690.0,12029.0,0,,3108.0,516326.0,0,318389.0,8069745.0,0
4000,12/26/20,MI,12690.0,12029.0,275,,3108.0,516326.0,7877,318389.0,8069745.0,132087
4056,12/25/20,MI,12415.0,11775.0,0,,3108.0,508449.0,0,284731.0,7937658.0,0
4112,12/24/20,MI,12415.0,11775.0,0,,3108.0,508449.0,0,284731.0,7937658.0,0
4168,12/23/20,MI,12415.0,11775.0,73,,3108.0,508449.0,3820,284731.0,7937658.0,32764
4224,12/22/20,MI,12342.0,11705.0,189,,3156.0,504629.0,3514,284731.0,7904894.0,33595
4280,12/21/20,MI,12153.0,11532.0,79,,3179.0,501115.0,5059,284731.0,7871299.0,84618
4336,12/20/20,MI,12074.0,11461.0,0,,3284.0,496056.0,0,284731.0,7786681.0,0
4392,12/19/20,MI,12074.0,11461.0,206,,3284.0,496056.0,4181,284731.0,7786681.0,62678
4448,12/18/20,MI,11868.0,11274.0,67,,3284.0,491875.0,4519,236369.0,7724003.0,50919
4504,12/17/20,MI,11801.0,11212.0,213,,3395.0,487356.0,4541,236369.0,7673084.0,53747
4560,12/16/20,MI,11588.0,11018.0,93,,3571.0,482815.0,4644,236369.0,7619337.0,55380
4616,12/15/20,MI,11495.0,10935.0,206,,3674.0,478171.0,5391,236369.0,7563957.0,49711
4672,12/14/20,MI,11289.0,10752.0,94,,3802.0,472780.0,7621,236369.0,7514246.0,90046
4728,12/13/20,MI,11195.0,10662.0,0,,3893.0,465159.0,0,236369.0,7424200.0,0
4784,12/12/20,MI,11195.0,10662.0,230,,3893.0,465159.0,4813,236369.0,7424200.0,57647
4840,12/11/20,MI,10965.0,10456.0,65,,3893.0,460346.0,5626,197750.0,7366553.0,59768
4896,12/10/20,MI,10900.0,10395.0,194,,3893.0,454720.0,6302,197750.0,7306785.0,60320
4952,12/9/20,MI,10706.0,10213.0,81,,3925.0,448418.0,5342,197750.0,7246465.0,48099
5008,12/8/20,MI,10625.0,10138.0,203,,4091.0,443076.0,6676,197750.0,7198366.0,61388
5064,12/7/20,MI,10422.0,9947.0,101,,4122.0,436400.0,9824,197750.0,7136978.0,95601
5120,12/6/20,MI,10321.0,9854.0,0,,4141.0,426576.0,0,197750.0,7041377.0,0
5176,12/5/20,MI,10321.0,9854.0,204,,4141.0,426576.0,6308,197750.0,7041377.0,68207
5232,12/4/20,MI,10117.0,9661.0,82,,4141.0,420268.0,9425,165269.0,6973170.0,68645
5288,12/3/20,MI,10035.0,9580.0,193,,4175.0,410843.0,7957,165269.0,6904525.0,73467
5344,12/2/20,MI,9842.0,9405.0,83,,4266.0,402886.0,7433,165269.0,6831058.0,43905
5400,12/1/20,MI,9759.0,9324.0,195,,4310.0,395453.0,6511,165269.0,6787153.0,38421
5456,11/30/20,MI,9564.0,9134.0,97,,4326.0,388942.0,10790,165269.0,6748732.0,106844
5512,11/29/20,MI,9467.0,9036.0,0,,4097.0,378152.0,0,165269.0,6641888.0,0
5568,11/28/20,MI,9467.0,9036.0,110,,4097.0,378152.0,8351,165269.0,6641888.0,59320
5624,11/27/20,MI,9357.0,8933.0,187,,4097.0,369801.0,17368,152267.0,6582568.0,119731
5680,11/26/20,MI,9170.0,8761.0,0,,4063.0,352433.0,0,152267.0,6462837.0,0
5736,11/25/20,MI,9170.0,8761.0,76,,4063.0,352433.0,4687,152267.0,6462837.0,61805
5792,11/24/20,MI,9094.0,8688.0,154,,4087.0,347746.0,6782,152267.0,6401032.0,73541
5848,11/23/20,MI,8940.0,8543.0,65,,4047.0,340964.0,11943,152267.0,6327491.0,100523
5904,11/22/20,MI,8875.0,8478.0,0,,3887.0,329021.0,0,152267.0,6226968.0,0
5960,11/21/20,MI,8875.0,8478.0,101,,3887.0,329021.0,7840,152267.0,6226968.0,89883
6016,11/20/20,MI,8774.0,8377.0,57,,3887.0,321181.0,10140,138862.0,6137085.0,85362
6072,11/19/20,MI,8717.0,8324.0,144,,3824.0,311041.0,7983,138862.0,6051723.0,71228
6128,11/18/20,MI,8573.0,8190.0,62,,3792.0,303058.0,6218,138862.0,5980495.0,58769
6184,11/17/20,MI,8511.0,8128.0,80,,3752.0,296840.0,7886,138862.0,5921726.0,57670
6240,11/16/20,MI,8431.0,8049.0,55,,3580.0,288954.0,13162,138862.0,5864056.0,117843
6296,11/15/20,MI,8376.0,7994.0,0,,3241.0,275792.0,0,138862.0,5746213.0,0
6352,11/14/20,MI,8376.0,7994.0,68,,3241.0,275792.0,7430,138862.0,5746213.0,72021
6408,11/13/20,MI,8308.0,7929.0,123,,3241.0,268362.0,9179,128981.0,5674192.0,74496
6464,11/12/20,MI,8185.0,7811.0,49,,3209.0,259183.0,7311,128981.0,5599696.0,68512
6520,11/11/20,MI,8136.0,7766.0,42,,3093.0,251872.0,6620,128981.0,5531184.0,56015
6576,11/10/20,MI,8094.0,7724.0,86,,2959.0,245252.0,6944,128981.0,5475169.0,61281
6632,11/9/20,MI,8008.0,7640.0,63,,2815.0,238308.0,9305,128981.0,5413888.0,87225
6688,11/8/20,MI,7945.0,7578.0,0,,2425.0,229003.0,0,128981.0,5326663.0,0
6744,11/7/20,MI,7945.0,7578.0,65,,2425.0,229003.0,6494,128981.0,5326663.0,75350
6800,11/6/20,MI,7880.0,7513.0,47,,2425.0,222509.0,4246,121093.0,5251313.0,115366
6856,11/5/20,MI,7833.0,7470.0,51,,2280.0,218263.0,6103,121093.0,5135947.0,0
6912,11/4/20,MI,7782.0,7419.0,21,,2215.0,212160.0,4397,121093.0,5135947.0,43267
6968,11/3/20,MI,7761.0,7400.0,45,,2059.0,207763.0,3437,121093.0,5092680.0,43252
7024,11/2/20,MI,7716.0,7357.0,17,,1966.0,204326.0,6920,121093.0,5049428.0,96962
7080,11/1/20,MI,7699.0,7340.0,0,,1728.0,197406.0,0,121093.0,4952466.0,0
7136,10/31/20,MI,7699.0,7340.0,34,,1728.0,197406.0,4018,121093.0,4952466.0,50074
7192,10/30/20,MI,7665.0,7309.0,12,,1728.0,193388.0,3345,114939.0,4902392.0,62103
7248,10/29/20,MI,7653.0,7298.0,47,,1332.0,190043.0,4109,114939.0,4840289.0,107564
7304,10/28/20,MI,7606.0,7257.0,21,,1332.0,185934.0,3590,114939.0,4732725.0,0
7360,10/27/20,MI,7585.0,7239.0,33,,1332.0,182344.0,2675,114939.0,4732725.0,41246
7416,10/26/20,MI,7552.0,7211.0,30,,1332.0,179669.0,4057,114939.0,4691479.0,72917
7472,10/25/20,MI,7522.0,7182.0,0,,1182.0,175612.0,0,114939.0,4618562.0,0
7528,10/24/20,MI,7522.0,7182.0,38,,1182.0,175612.0,3490,114939.0,4618562.0,53493
7584,10/23/20,MI,7484.0,7147.0,20,,1182.0,172122.0,2046,109539.0,4565069.0,58181
7640,10/22/20,MI,7464.0,7129.0,46,,1182.0,170076.0,2204,109539.0,4506888.0,48224
7696,10/21/20,MI,7418.0,7086.0,35,,1050.0,167872.0,1878,109539.0,4458664.0,35177
7752,10/20/20,MI,7383.0,7053.0,20,,1050.0,165994.0,1871,109539.0,4423487.0,50752
7808,10/19/20,MI,7363.0,7031.0,46,,1050.0,164123.0,5004,109539.0,4372735.0,111021
7864,10/18/20,MI,7317.0,6987.0,0,,1000.0,159119.0,0,109539.0,4261714.0,0
7920,10/17/20,MI,7317.0,6987.0,0,,1000.0,159119.0,0,109539.0,4261714.0,0
7976,10/16/20,MI,7317.0,6987.0,15,,1000.0,159119.0,2206,104271.0,4261714.0,53356
8032,10/15/20,MI,7302.0,6973.0,34,,1000.0,156913.0,2458,104271.0,4208358.0,42122
8088,10/14/20,MI,7268.0,6941.0,13,,899.0,154455.0,1593,104271.0,4166236.0,29588
8144,10/13/20,MI,7255.0,6928.0,30,,899.0,152862.0,1466,104271.0,4136648.0,38839
8200,10/12/20,MI,7225.0,6898.0,6,,899.0,151396.0,1932,104271.0,4097809.0,51027
8256,10/11/20,MI,7219.0,6891.0,0,,862.0,149464.0,0,104271.0,4046782.0,0
8312,10/10/20,MI,7219.0,6891.0,19,,862.0,149464.0,1648,104271.0,4046782.0,45518
8368,10/9/20,MI,7200.0,6876.0,7,,862.0,147816.0,1323,99521.0,4001264.0,43498
8424,10/8/20,MI,7193.0,6869.0,24,,862.0,146493.0,1401,99521.0,3957766.0,42115
8480,10/7/20,MI,7169.0,6847.0,8,,687.0,145092.0,1214,99521.0,3915651.0,34681
8536,10/6/20,MI,7161.0,6838.0,22,,678.0,143878.0,1152,99521.0,3880970.0,25864
8592,10/5/20,MI,7139.0,6816.0,15,,678.0,142726.0,1455,99521.0,3855106.0,55071
8648,10/4/20,MI,7124.0,6801.0,0,,678.0,141271.0,0,99521.0,3800035.0,0
8704,10/3/20,MI,7124.0,6801.0,14,,678.0,141271.0,1275,99521.0,3800035.0,40437
8760,10/2/20,MI,7110.0,6788.0,8,,678.0,139996.0,984,95051.0,3759598.0,40411
8816,10/1/20,MI,7102.0,6781.0,19,,678.0,139012.0,998,95051.0,3719187.0,35925
8872,9/30/20,MI,7083.0,6762.0,11,,557.0,138014.0,1194,95051.0,3683262.0,29538
8928,9/29/20,MI,7072.0,6751.0,21,,557.0,136820.0,1118,95051.0,3653724.0,23821
8984,9/28/20,MI,7051.0,6731.0,7,,557.0,135702.0,1329,95051.0,3629903.0,51319
9040,9/27/20,MI,7044.0,6723.0,0,,558.0,134373.0,0,95051.0,3578584.0,0
9096,9/26/20,MI,7044.0,6723.0,17,,558.0,134373.0,996,95051.0,3578584.0,40941
9152,9/25/20,MI,7027.0,6708.0,8,,558.0,133377.0,1040,90216.0,3537643.0,39572
9208,9/24/20,MI,7019.0,6700.0,6,,558.0,132337.0,1078,90216.0,3498071.0,37781
9264,9/23/20,MI,7013.0,6692.0,16,,501.0,131259.0,902,90216.0,3460290.0,34332
9320,9/22/20,MI,6997.0,6680.0,16,,501.0,130357.0,695,90216.0,3425958.0,20184
9376,9/21/20,MI,6981.0,6665.0,12,,501.0,129662.0,1575,90216.0,3405774.0,52088
9432,9/20/20,MI,6969.0,6653.0,0,,557.0,128087.0,0,90216.0,3353686.0,0
9488,9/19/20,MI,6969.0,6653.0,15,,557.0,128087.0,587,90216.0,3353686.0,33899
9544,9/18/20,MI,6954.0,6638.0,-1,,557.0,127500.0,778,85513.0,3319787.0,33566
9600,9/17/20,MI,6955.0,6632.0,12,,590.0,126722.0,980,85513.0,3286221.0,33274
9656,9/16/20,MI,6943.0,6623.0,11,,590.0,125742.0,773,85513.0,3252947.0,31041
9712,9/15/20,MI,6932.0,6612.0,11,,590.0,124969.0,682,85513.0,3221906.0,25779
9768,9/14/20,MI,6921.0,6601.0,10,,590.0,124287.0,1229,85513.0,3196127.0,51636
9824,9/13/20,MI,6911.0,6591.0,0,,627.0,123058.0,0,85513.0,3144491.0,0
9880,9/12/20,MI,6911.0,6591.0,11,,627.0,123058.0,807,85513.0,3144491.0,38323
9936,9/11/20,MI,6900.0,6578.0,6,,627.0,122251.0,1405,80678.0,3106168.0,36473
9992,9/10/20,MI,6894.0,6569.0,7,,627.0,120846.0,983,80678.0,3069695.0,33202
10048,9/9/20,MI,6887.0,6552.0,76,,616.0,119863.0,961,80678.0,3036493.0,23137
10104,9/8/20,MI,6811.0,6539.0,1,,616.0,118902.0,499,80678.0,3013356.0,17470
10160,9/7/20,MI,6810.0,6538.0,4,,616.0,118403.0,1212,80678.0,2995886.0,44071
10216,9/6/20,MI,6806.0,6534.0,0,,616.0,117191.0,0,80678.0,2951815.0,0
10272,9/5/20,MI,6806.0,6534.0,8,,616.0,117191.0,896,80678.0,2951815.0,40903
10328,9/4/20,MI,6798.0,6526.0,7,,616.0,116295.0,1053,76151.0,2910912.0,29205
10384,9/3/20,MI,6791.0,6519.0,10,,616.0,115242.0,774,76151.0,2881707.0,32855
10440,9/2/20,MI,6781.0,6509.0,14,,629.0,114468.0,648,76151.0,2848852.0,27594
10496,9/1/20,MI,6767.0,6495.0,14,,629.0,113820.0,795,76151.0,2821258.0,24996
10552,8/31/20,MI,6753.0,6480.0,5,,629.0,113025.0,499,76151.0,2796262.0,19765
10608,8/30/20,MI,6748.0,6473.0,36,,669.0,112526.0,1390,76151.0,2776497.0,27091
10664,8/29/20,MI,6712.0,6446.0,0,,669.0,111136.0,0,76151.0,2749406.0,34278
10720,8/28/20,MI,6712.0,6446.0,6,,669.0,111136.0,793,72580.0,2715128.0,33342
10776,8/27/20,MI,6706.0,6440.0,16,,669.0,110343.0,863,72580.0,2681786.0,30717
10832,8/26/20,MI,6690.0,6424.0,6,,637.0,109480.0,843,72580.0,2651069.0,41345
10888,8/25/20,MI,6684.0,6417.0,21,,637.0,108637.0,951,72580.0,2609724.0,24298
10944,8/24/20,MI,6663.0,6397.0,4,,637.0,107686.0,878,72580.0,2585426.0,21092
11000,8/23/20,MI,6659.0,6393.0,4,,646.0,106808.0,764,72580.0,2564334.0,76129
11056,8/22/20,MI,6655.0,6389.0,21,,646.0,106044.0,1426,72580.0,2488205.0,33018
11112,8/21/20,MI,6634.0,6368.0,0,,646.0,104618.0,0,67778.0,2455187.0,0
11168,8/20/20,MI,6634.0,6368.0,16,,646.0,104618.0,527,67778.0,2455187.0,31183
11224,8/19/20,MI,6618.0,6349.0,10,,653.0,104091.0,688,67778.0,2424004.0,32955
11280,8/18/20,MI,6608.0,6340.0,16,,653.0,103403.0,654,67778.0,2391049.0,22267
11336,8/17/20,MI,6592.0,6325.0,0,,653.0,102749.0,490,67778.0,2368782.0,19351
11392,8/16/20,MI,6592.0,6324.0,6,,713.0,102259.0,477,67778.0,2349431.0,29874
11448,8/15/20,MI,6586.0,6318.0,20,,713.0,101782.0,1058,67778.0,2319557.0,30824
11504,8/14/20,MI,6566.0,6300.0,11,,713.0,100724.0,868,63636.0,2288733.0,39292
11560,8/13/20,MI,6555.0,6289.0,16,,713.0,99856.0,1167,63636.0,2249441.0,40629
11616,8/12/20,MI,6539.0,6273.0,6,,640.0,98689.0,476,63636.0,2208812.0,35914
11672,8/11/20,MI,6533.0,6264.0,7,,640.0,98213.0,907,63636.0,2172898.0,24112
11728,8/10/20,MI,6526.0,6257.0,7,,640.0,97306.0,580,63636.0,2148786.0,21438
11784,8/9/20,MI,6519.0,6249.0,-1,,694.0,96726.0,535,63636.0,2127348.0,26500
11840,8/8/20,MI,6520.0,6250.0,-4,,694.0,96191.0,721,63636.0,2100848.0,38892
11896,8/7/20,MI,6524.0,6247.0,18,,694.0,95470.0,814,60022.0,2061956.0,30302
11952,8/6/20,MI,6506.0,6247.0,28,,694.0,94656.0,763,60022.0,2031654.0,26160
12008,8/5/20,MI,6478.0,6221.0,7,,694.0,93893.0,718,60022.0,2005494.0,26237
12064,8/4/20,MI,6471.0,6219.0,8,,694.0,93175.0,801,60022.0,1979257.0,27702
12120,8/3/20,MI,6463.0,6212.0,6,,694.0,92374.0,613,60022.0,1951555.0,25207
12176,8/2/20,MI,6457.0,6206.0,0,,727.0,91761.0,429,60022.0,1926348.0,25433
12232,8/1/20,MI,6457.0,6206.0,7,,727.0,91332.0,758,60022.0,1900915.0,32759
12288,7/31/20,MI,6450.0,6199.0,7,,727.0,90574.0,793,57502.0,1868156.0,31572
12344,7/30/20,MI,6443.0,6191.0,21,,727.0,89781.0,807,57502.0,1836584.0,16779
12400,7/29/20,MI,6422.0,6172.0,1,,670.0,88974.0,1016,57502.0,1819805.0,67930
12456,7/28/20,MI,6421.0,6170.0,16,,670.0,87958.0,785,57502.0,1751875.0,27983
12512,7/27/20,MI,6405.0,6154.0,5,,670.0,87173.0,512,57502.0,1723892.0,30180
12568,7/26/20,MI,6400.0,6149.0,0,,680.0,86661.0,1589,57502.0,1693712.0,56695
12624,7/25/20,MI,6400.0,6151.0,0,,751.0,85072.0,0,55162.0,1637017.0,0
12680,7/24/20,MI,6400.0,6151.0,5,,751.0,85072.0,641,55162.0,1637017.0,28357
12736,7/23/20,MI,6395.0,6148.0,7,,680.0,84431.0,701,55162.0,1608660.0,27375
12792,7/22/20,MI,6388.0,6141.0,6,,680.0,83730.0,671,55162.0,1581285.0,30588
12848,7/21/20,MI,6382.0,6135.0,9,,680.0,83059.0,664,55162.0,1550697.0,22893
12904,7/20/20,MI,6373.0,6126.0,7,,680.0,82395.0,527,55162.0,1527804.0,22600
12960,7/19/20,MI,6366.0,6119.0,2,,680.0,81868.0,530,55162.0,1505204.0,28819
13016,7/18/20,MI,6364.0,6117.0,9,,680.0,81338.0,745,55162.0,1476385.0,31024
13072,7/17/20,MI,6355.0,6108.0,7,,680.0,80593.0,754,53867.0,1445361.0,30559
13128,7/16/20,MI,6348.0,6101.0,18,,680.0,79839.0,926,53867.0,1414802.0,27257
13184,7/15/20,MI,6330.0,6085.0,4,,543.0,78913.0,1049,53867.0,1387545.0,34363
13240,7/14/20,MI,6326.0,6081.0,5,,543.0,77864.0,666,53867.0,1353182.0,20515
13296,7/13/20,MI,6321.0,6075.0,7,,543.0,77198.0,422,53867.0,1332667.0,17362
13352,7/12/20,MI,6314.0,6068.0,1,,505.0,76776.0,406,53867.0,1315305.0,22354
13408,7/11/20,MI,6313.0,6067.0,28,,505.0,76370.0,685,53867.0,1292951.0,27607
13464,7/10/20,MI,6285.0,6039.0,14,,505.0,75685.0,622,52841.0,1265344.0,23382
13520,7/9/20,MI,6271.0,6024.0,9,,505.0,75063.0,512,52841.0,1241962.0,23909
13576,7/8/20,MI,6262.0,6015.0,11,,505.0,74551.0,651,52841.0,1218053.0,23735
13632,7/7/20,MI,6251.0,6005.0,30,,505.0,73900.0,631,52841.0,1194318.0,17071
13688,7/6/20,MI,6221.0,5975.0,3,,505.0,73269.0,328,52841.0,1177247.0,12581
13744,7/5/20,MI,6218.0,5972.0,0,,548.0,72941.0,360,52841.0,1164666.0,16830
13800,7/4/20,MI,6218.0,5972.0,3,,548.0,72581.0,406,52841.0,1147836.0,22098
13856,7/3/20,MI,6215.0,5969.0,3,,548.0,72175.0,497,51099.0,1125738.0,23326
13912,7/2/20,MI,6212.0,5966.0,14,,548.0,71678.0,589,51099.0,1102412.0,23423
13968,7/1/20,MI,6198.0,5951.0,5,,471.0,71089.0,361,51099.0,1078989.0,16873
14024,6/30/20,MI,6193.0,5947.0,32,,471.0,70728.0,505,51099.0,1062116.0,15571
14080,6/29/20,MI,6161.0,5915.0,3,,557.0,70223.0,277,51099.0,1046545.0,12725
14136,6/28/20,MI,6158.0,5912.0,5,,557.0,69946.0,267,51099.0,1033820.0,15965
14192,6/27/20,MI,6153.0,5907.0,19,,557.0,69679.0,350,51099.0,1017855.0,19365
14248,6/26/20,MI,6134.0,5888.0,1,,557.0,69329.0,340,49290.0,998490.0,19072
14304,6/25/20,MI,6133.0,5886.0,19,,557.0,68989.0,434,49290.0,979418.0,18050
14360,6/24/20,MI,6114.0,5868.0,5,,557.0,68555.0,358,49290.0,961368.0,16159
14416,6/23/20,MI,6109.0,5864.0,12,,557.0,68197.0,240,49290.0,945209.0,10664
14472,6/22/20,MI,6097.0,5853.0,7,,557.0,67957.0,246,49290.0,934545.0,10584
14528,6/21/20,MI,6090.0,5846.0,3,,557.0,67711.0,166,49290.0,923961.0,12933
14584,6/20/20,MI,6087.0,5843.0,20,,557.0,67545.0,448,49290.0,911028.0,14646
14640,6/19/20,MI,6067.0,5823.0,6,,557.0,67097.0,299,44964.0,896382.0,30105
14696,6/18/20,MI,6061.0,5818.0,25,,557.0,66798.0,301,44964.0,866277.0,0
14752,6/17/20,MI,6036.0,5792.0,2,,562.0,66497.0,228,44964.0,866277.0,14447
14808,6/16/20,MI,6034.0,5790.0,17,,562.0,66269.0,184,44964.0,851830.0,11964
14864,6/15/20,MI,6017.0,5772.0,1,,562.0,66085.0,31,44964.0,839866.0,10343
14920,6/14/20,MI,6016.0,5771.0,3,,636.0,66054.0,218,44964.0,829523.0,14149
14976,6/13/20,MI,6013.0,5768.0,23,,636.0,65836.0,164,44964.0,815374.0,13338
15032,6/12/20,MI,5990.0,5745.0,5,,636.0,65672.0,223,42041.0,802036.0,15882
15088,6/11/20,MI,5985.0,5738.0,33,,661.0,65449.0,267,42041.0,786154.0,14602
15144,6/10/20,MI,5952.0,5708.0,1,,661.0,65182.0,15,42041.0,771552.0,0
15200,6/9/20,MI,5951.0,5708.0,9,,661.0,65167.0,63,42041.0,771552.0,17144
15256,6/8/20,MI,5942.0,5707.0,15,,661.0,65104.0,135,42041.0,754408.0,13040
15312,6/7/20,MI,5927.0,5698.0,11,,864.0,64969.0,55,42041.0,741368.0,10531
15368,6/6/20,MI,5916.0,5683.0,7,,864.0,64914.0,93,42041.0,730837.0,10749
15424,6/5/20,MI,5909.0,5672.0,8,,617.0,64821.0,205,38099.0,720088.0,12958
15480,6/4/20,MI,5901.0,5665.0,17,,617.0,64616.0,234,38099.0,707130.0,15114
15536,6/3/20,MI,5884.0,5657.0,15,,646.0,64382.0,279,38099.0,692016.0,16696
15592,6/2/20,MI,5869.0,5641.0,26,,674.0,64103.0,290,38099.0,675320.0,16167
15648,6/1/20,MI,5843.0,5627.0,25,,674.0,63813.0,245,38099.0,659153.0,14634
15704,5/31/20,MI,5818.0,5601.0,16,,774.0,63568.0,247,38099.0,644519.0,13152
15760,5/30/20,MI,5802.0,5578.0,24,,774.0,63321.0,205,38099.0,631367.0,16229
15816,5/29/20,MI,5778.0,5562.0,27,,774.0,63116.0,319,33168.0,615138.0,17310
15872,5/28/20,MI,5751.0,5538.0,24,,860.0,62797.0,336,33168.0,597828.0,18146
15928,5/27/20,MI,5727.0,5511.0,24,,882.0,62461.0,386,33168.0,579682.0,18587
15984,5/26/20,MI,5703.0,5487.0,25,,953.0,62075.0,443,33168.0,561095.0,11988
16040,5/25/20,MI,5678.0,5463.0,38,,953.0,61632.0,175,33168.0,549107.0,9557
16096,5/24/20,MI,5640.0,5440.0,28,,953.0,61457.0,164,33168.0,539550.0,11929
16152,5/23/20,MI,5612.0,5402.0,26,,953.0,61293.0,218,33168.0,527621.0,14869
16208,5/22/20,MI,5586.0,5375.0,31,,955.0,61075.0,465,28234.0,512752.0,20340
16264,5/21/20,MI,5555.0,5349.0,41,,1054.0,60610.0,459,28234.0,492412.0,16698
16320,5/20/20,MI,5514.0,5318.0,44,,1066.0,60151.0,575,28234.0,475714.0,14349
16376,5/19/20,MI,5470.0,5278.0,43,,1079.0,59576.0,764,28234.0,461365.0,17060
16432,5/18/20,MI,5427.0,5237.0,31,,1075.0,58812.0,534,28234.0,444305.0,13503
16488,5/17/20,MI,5396.0,5194.0,39,,1114.0,58278.0,255,28234.0,430802.0,11436
16544,5/16/20,MI,5357.0,5163.0,32,,1256.0,58023.0,336,28234.0,419366.0,12186
16600,5/15/20,MI,5325.0,5124.0,47,,1256.0,57687.0,651,22686.0,407180.0,16004
16656,5/14/20,MI,5278.0,5092.0,46,,1330.0,57036.0,578,22686.0,391176.0,17692
16712,5/13/20,MI,5232.0,5046.0,44,,1384.0,56458.0,817,22686.0,373484.0,19575
16768,5/12/20,MI,5188.0,5001.0,49,,1384.0,55641.0,1637,22686.0,353909.0,14066
16824,5/11/20,MI,5139.0,4958.0,58,,1424.0,54004.0,971,22686.0,339843.0,11509
16880,5/10/20,MI,5081.0,4911.0,45,,1437.0,53033.0,301,22686.0,328334.0,8654
16936,5/9/20,MI,5036.0,4853.0,49,,1531.0,52732.0,383,22686.0,319680.0,11879
16992,5/8/20,MI,4987.0,4809.0,62,,1637.0,52349.0,618,15659.0,307801.0,12785
17048,5/7/20,MI,4925.0,4772.0,86,,1697.0,51731.0,600,15659.0,295016.0,12565
17104,5/6/20,MI,4839.0,4714.0,58,,1818.0,51131.0,634,15659.0,282451.0,12496
17160,5/5/20,MI,4781.0,4630.0,59,,1948.0,50497.0,688,15659.0,269955.0,11419
17216,5/4/20,MI,4722.0,4573.0,81,,1948.0,49809.0,780,15659.0,258536.0,7947
17272,5/3/20,MI,4641.0,4516.0,62,,2100.0,49029.0,357,15659.0,250589.0,7223
17328,5/2/20,MI,4579.0,4436.0,59,,2100.0,48672.0,432,15659.0,243366.0,10838
17384,5/1/20,MI,4520.0,4376.0,86,,2319.0,48240.0,735,8342.0,232528.0,10950
17440,4/30/20,MI,4434.0,4317.0,99,,2319.0,47505.0,1017,8342.0,221578.0,11723
17496,4/29/20,MI,4335.0,4232.0,88,,2498.0,46488.0,950,8342.0,209855.0,10649
17552,4/28/20,MI,4247.0,4136.0,99,,2623.0,45538.0,829,8342.0,199206.0,9050
17608,4/27/20,MI,4148.0,4049.0,112,,2667.0,44709.0,920,8342.0,190156.0,7399
17664,4/26/20,MI,4036.0,3957.0,107,,2757.0,43789.0,526,8342.0,182757.0,6094
17720,4/25/20,MI,3929.0,3846.0,111,,2889.0,43263.0,533,8342.0,176663.0,6721
17776,4/24/20,MI,3818.0,3745.0,107,,3022.0,42730.0,1036,3237.0,169942.0,9089
17832,4/23/20,MI,3711.0,3636.0,109,,3611.0,41694.0,989,3237.0,160853.0,9699
17888,4/22/20,MI,3602.0,3531.0,131,,3305.0,40705.0,1116,3237.0,151154.0,8341
17944,4/21/20,MI,3471.0,3428.0,124,,3357.0,39589.0,1095,3237.0,142813.0,7609
18000,4/20/20,MI,3347.0,3300.0,111,,3374.0,38494.0,937,3237.0,135204.0,4527
18056,4/19/20,MI,3236.0,3178.0,129,,3403.0,37557.0,528,3237.0,130677.0,3286
18112,4/18/20,MI,3107.0,3076.0,123,,3634.0,37029.0,709,3237.0,127391.0,4884
18168,4/17/20,MI,2984.0,2955.0,143,,3674.0,36320.0,865,629.0,122507.0,6067
18224,4/16/20,MI,2841.0,2836.0,169,,3809.0,35455.0,922,617.0,116440.0,5674
18280,4/15/20,MI,2672.0,2701.0,140,,3918.0,34533.0,920,452.0,110766.0,4583
18336,4/14/20,MI,2532.0,2537.0,141,,3910.0,33613.0,911,452.0,106183.0,5000
18392,4/13/20,MI,2391.0,2401.0,142,,3986.0,32702.0,1036,447.0,101183.0,3590
18448,4/12/20,MI,2249.0,2269.0,168,,3636.0,31666.0,686,433.0,97593.0,3286
18504,4/11/20,MI,2081.0,2136.0,164,,3636.0,30980.0,808,595.0,94307.0,3755
18560,4/10/20,MI,1917.0,1978.0,161,,3823.0,30172.0,1076,56.0,90552.0,4580
18616,4/9/20,MI,1756.0,1822.0,156,,3826.0,29096.0,1032,56.0,85972.0,4786
18672,4/8/20,MI,1600.0,1668.0,151,,,28064.0,1100,56.0,81186.0,4053
18728,4/7/20,MI,1449.0,1522.0,158,,,26964.0,1179,56.0,77133.0,4852
18784,4/6/20,MI,1291.0,1377.0,141,,,25785.0,1327,56.0,72281.0,5226
18840,4/5/20,MI,1150.0,1225.0,120,,,24458.0,877,56.0,67055.0,4850
18896,4/4/20,MI,1030.0,1092.0,112,,,23581.0,1002,56.0,62205.0,7109
18952,4/3/20,MI,918.0,985.0,117,,,22579.0,1203,56.0,55096.0,6001
19008,4/2/20,MI,801.0,879.0,125,,,21376.0,1130,,49095.0,5907
19064,4/1/20,MI,676.0,765.0,125,,,20246.0,1592,,43188.0,6133
19120,3/31/20,MI,551.0,641.0,114,,,18654.0,1291,,37055.0,4883
19176,3/30/20,MI,437.0,518.0,86,,,17363.0,1579,,32172.0,7860
19232,3/29/20,MI,351.0,408.0,68,,,15784.0,919,,24312.0,2392
19288,3/28/20,MI,283.0,326.0,71,,,14865.0,1066,,21920.0,2787
19344,3/27/20,MI,212.0,264.0,53,,,13799.0,1324,,19133.0,3536
19400,3/26/20,MI,159.0,197.0,48,,,12475.0,1140,,15597.0,3815
19456,3/25/20,MI,111.0,149.0,25,,,11335.0,1180,,11782.0,2426
19512,3/24/20,MI,86.0,103.0,29,,,10155.0,1093,,9356.0,1680
19568,3/23/20,MI,57.0,79.0,21,,,9062.0,1240,,7676.0,1453
19624,3/22/20,MI,36.0,54.0,13,,,7822.0,799,,6223.0,1020
19680,3/21/20,MI,23.0,33.0,10,,,7023.0,804,,5203.0,1358
19736,3/20/20,MI,13.0,20.0,3,,,6219.0,943,,3845.0,1255
19792,3/19/20,MI,10.0,11.0,5,,,5276.0,745,,2590.0,738
19848,3/18/20,MI,5.0,9.0,3,,,4531.0,872,,1852.0,752
19904,3/17/20,MI,2.0,4.0,0,,,3659.0,764,,1100.0,835
19960,3/16/20,MI,2.0,1.0,1,,,2895.0,707,,265.0,156
20014,3/15/20,MI,1.0,0.0,0,,,2188.0,460,,109.0,33
20065,3/14/20,MI,1.0,0.0,0,,,1728.0,367,,76.0,27
20116,3/13/20,MI,1.0,0.0,0,,,1361.0,364,,49.0,21
20167,3/12/20,MI,1.0,0.0,1,,,997.0,270,,28.0,24
20218,3/11/20,MI,0.0,0.0,0,,,727.0,199,,4.0,1
20269,3/10/20,MI,0.0,0.0,0,,,528.0,156,,3.0,3
20320,3/9/20,MI,,0.0,0,,,372.0,121,,,0
20371,3/8/20,MI,,0.0,0,,,251.0,63,,,0
20422,3/7/20,MI,,0.0,0,,,188.0,48,,,0
20469,3/6/20,MI,,0.0,0,,,140.0,40,,,0
20503,3/5/20,MI,,0.0,0,,,100.0,26,,,0
20533,3/4/20,MI,,0.0,0,,,74.0,24,,,0
20553,3/3/20,MI,,,0,,,50.0,23,,,0
20569,3/2/20,MI,,,0,,,27.0,13,,,0
20581,3/1/20,MI,,0.0,0,,,14.0,0,,,0
